{"openapi":"3.1.0","info":{"title":"OmniaPixels API","description":"Image processing and AI enhancement API","version":"1.0.0"},"paths":{"/health":{"get":{"summary":"Health Check","description":"Basic health check endpoint","operationId":"health_check_health_get","responses":{"200":{"description":"Successful Response","content":{"application/json":{"schema":{"$ref":"#/components/schemas/HealthResponse"}}}}}}},"/readiness":{"get":{"summary":"Readiness Check","description":"Detailed readiness check with dependency status","operationId":"readiness_check_readiness_get","responses":{"200":{"description":"Successful Response","content":{"application/json":{"schema":{"$ref":"#/components/schemas/ReadinessResponse"}}}}}}},"/auth/register":{"post":{"tags":["auth"],"summary":"Register","description":"Register a new user","operationId":"register_auth_register_post","requestBody":{"content":{"application/json":{"schema":{"$ref":"#/components/schemas/UserCreate"}}},"required":true},"responses":{"200":{"description":"Successful Response","content":{"application/json":{"schema":{"$ref":"#/components/schemas/User"}}}},"422":{"description":"Validation Error","content":{"application/json":{"schema":{"$ref":"#/components/schemas/HTTPValidationError"}}}}}}},"/auth/login":{"post":{"tags":["auth"],"summary":"Login","description":"Login user and return JWT tokens","operationId":"login_auth_login_post","requestBody":{"content":{"application/json":{"schema":{"$ref":"#/components/schemas/UserLogin"}}},"required":true},"responses":{"200":{"description":"Successful Response","content":{"application/json":{"schema":{"$ref":"#/components/schemas/Token"}}}},"422":{"description":"Validation Error","content":{"application/json":{"schema":{"$ref":"#/components/schemas/HTTPValidationError"}}}}}}},"/auth/me":{"get":{"tags":["auth"],"summary":"Get Current User Info","description":"Get current user information","operationId":"get_current_user_info_auth_me_get","responses":{"200":{"description":"Successful Response","content":{"application/json":{"schema":{"$ref":"#/components/schemas/UserMe"}}}}},"security":[{"HTTPBearer":[]}]}},"/api/v1/jobs/":{"get":{"tags":["jobs"],"summary":"List Jobs","description":"List all jobs for current user","operationId":"list_jobs_api_v1_jobs__get","responses":{"200":{"description":"Successful Response","content":{"application/json":{"schema":{"items":{"$ref":"#/components/schemas/Job"},"type":"array","title":"Response List Jobs Api V1 Jobs  Get"}}}}},"security":[{"HTTPBearer":[]}]},"post":{"tags":["jobs"],"summary":"Create Job","description":"Enqueue a new job for processing","operationId":"create_job_api_v1_jobs__post","requestBody":{"content":{"application/json":{"schema":{"$ref":"#/components/schemas/JobCreate"}}},"required":true},"responses":{"200":{"description":"Successful Response","content":{"application/json":{"schema":{"$ref":"#/components/schemas/Job"}}}},"422":{"description":"Validation Error","content":{"application/json":{"schema":{"$ref":"#/components/schemas/HTTPValidationError"}}}}},"security":[{"HTTPBearer":[]}]}},"/api/v1/jobs/{job_id}":{"get":{"tags":["jobs"],"summary":"Get Job","description":"Get specific job details","operationId":"get_job_api_v1_jobs__job_id__get","security":[{"HTTPBearer":[]}],"parameters":[{"name":"job_id","in":"path","required":true,"schema":{"type":"integer","title":"Job Id"}}],"responses":{"200":{"description":"Successful Response","content":{"application/json":{"schema":{"$ref":"#/components/schemas/Job"}}}},"422":{"description":"Validation Error","content":{"application/json":{"schema":{"$ref":"#/components/schemas/HTTPValidationError"}}}}}}},"/storage/presigned_put":{"post":{"tags":["storage"],"summary":"Get Presigned Put Url","description":"Generate presigned PUT URL for file upload","operationId":"get_presigned_put_url_storage_presigned_put_post","requestBody":{"content":{"application/json":{"schema":{"$ref":"#/components/schemas/PresignedUrlRequest"}}},"required":true},"responses":{"200":{"description":"Successful Response","content":{"application/json":{"schema":{"$ref":"#/components/schemas/PresignedUrlResponse"}}}},"422":{"description":"Validation Error","content":{"application/json":{"schema":{"$ref":"#/components/schemas/HTTPValidationError"}}}}},"security":[{"HTTPBearer":[]}]}},"/storage/presigned_get":{"post":{"tags":["storage"],"summary":"Get Presigned Get Url","description":"Generate presigned GET URL for file download","operationId":"get_presigned_get_url_storage_presigned_get_post","requestBody":{"content":{"application/json":{"schema":{"$ref":"#/components/schemas/PresignedDownloadRequest"}}},"required":true},"responses":{"200":{"description":"Successful Response","content":{"application/json":{"schema":{"$ref":"#/components/schemas/PresignedDownloadResponse"}}}},"422":{"description":"Validation Error","content":{"application/json":{"schema":{"$ref":"#/components/schemas/HTTPValidationError"}}}}},"security":[{"HTTPBearer":[]}]}},"/":{"get":{"summary":"Root","operationId":"root__get","responses":{"200":{"description":"Successful Response","content":{"application/json":{"schema":{}}}}}}}},"components":{"schemas":{"HTTPValidationError":{"properties":{"detail":{"items":{"$ref":"#/components/schemas/ValidationError"},"type":"array","title":"Detail"}},"type":"object","title":"HTTPValidationError"},"HealthResponse":{"properties":{"status":{"type":"string","title":"Status"},"timestamp":{"type":"string","format":"date-time","title":"Timestamp"}},"type":"object","required":["status","timestamp"],"title":"HealthResponse"},"Job":{"properties":{"id":{"type":"integer","title":"Id"},"user_id":{"type":"integer","title":"User Id"},"queue":{"$ref":"#/components/schemas/JobQueue"},"status":{"$ref":"#/components/schemas/JobStatus"},"input_key":{"type":"string","title":"Input Key"},"output_key":{"anyOf":[{"type":"string"},{"type":"null"}],"title":"Output Key"},"params":{"anyOf":[{"type":"string"},{"type":"null"}],"title":"Params"},"error_message":{"anyOf":[{"type":"string"},{"type":"null"}],"title":"Error Message"},"created_at":{"type":"string","format":"date-time","title":"Created At"},"updated_at":{"anyOf":[{"type":"string","format":"date-time"},{"type":"null"}],"title":"Updated At"},"completed_at":{"anyOf":[{"type":"string","format":"date-time"},{"type":"null"}],"title":"Completed At"}},"type":"object","required":["id","user_id","queue","status","input_key","created_at"],"title":"Job"},"JobCreate":{"properties":{"queue":{"$ref":"#/components/schemas/JobQueue"},"input_key":{"type":"string","title":"Input Key"},"params":{"anyOf":[{"type":"object"},{"type":"null"}],"title":"Params"}},"type":"object","required":["queue","input_key"],"title":"JobCreate"},"JobQueue":{"type":"string","enum":["image_processing","ai_processing"],"title":"JobQueue"},"JobStatus":{"type":"string","enum":["pending","processing","completed","failed"],"title":"JobStatus"},"PresignedDownloadRequest":{"properties":{"key":{"type":"string","title":"Key"}},"type":"object","required":["key"],"title":"PresignedDownloadRequest"},"PresignedDownloadResponse":{"properties":{"download_url":{"type":"string","title":"Download Url"},"expires_in":{"type":"integer","title":"Expires In"}},"type":"object","required":["download_url","expires_in"],"title":"PresignedDownloadResponse"},"PresignedUrlRequest":{"properties":{"path_hint":{"type":"string","title":"Path Hint"},"content_type":{"type":"string","title":"Content Type"}},"type":"object","required":["path_hint","content_type"],"title":"PresignedUrlRequest"},"PresignedUrlResponse":{"properties":{"upload_url":{"type":"string","title":"Upload Url"},"download_url":{"type":"string","title":"Download Url"},"key":{"type":"string","title":"Key"},"expires_in":{"type":"integer","title":"Expires In"}},"type":"object","required":["upload_url","download_url","key","expires_in"],"title":"PresignedUrlResponse"},"ReadinessResponse":{"properties":{"db_ok":{"type":"boolean","title":"Db Ok"},"redis_ok":{"type":"boolean","title":"Redis Ok"},"s3_ok":{"type":"boolean","title":"S3 Ok"},"latency_ms":{"type":"number","title":"Latency Ms"}},"type":"object","required":["db_ok","redis_ok","s3_ok","latency_ms"],"title":"ReadinessResponse"},"Token":{"properties":{"access_token":{"type":"string","title":"Access Token"},"refresh_token":{"type":"string","title":"Refresh Token"},"token_type":{"type":"string","title":"Token Type","default":"bearer"}},"type":"object","required":["access_token","refresh_token"],"title":"Token"},"User":{"properties":{"email":{"type":"string","format":"email","title":"Email"},"id":{"type":"integer","title":"Id"},"is_active":{"type":"boolean","title":"Is Active"},"is_pro":{"type":"boolean","title":"Is Pro"},"created_at":{"type":"string","format":"date-time","title":"Created At"}},"type":"object","required":["email","id","is_active","is_pro","created_at"],"title":"User"},"UserCreate":{"properties":{"email":{"type":"string","format":"email","title":"Email"},"password":{"type":"string","title":"Password"}},"type":"object","required":["email","password"],"title":"UserCreate"},"UserLogin":{"properties":{"email":{"type":"string","format":"email","title":"Email"},"password":{"type":"string","title":"Password"}},"type":"object","required":["email","password"],"title":"UserLogin"},"UserMe":{"properties":{"email":{"type":"string","format":"email","title":"Email"},"id":{"type":"integer","title":"Id"},"is_active":{"type":"boolean","title":"Is Active"},"is_pro":{"type":"boolean","title":"Is Pro"},"created_at":{"type":"string","format":"date-time","title":"Created At"}},"type":"object","required":["email","id","is_active","is_pro","created_at"],"title":"UserMe"},"ValidationError":{"properties":{"loc":{"items":{"anyOf":[{"type":"string"},{"type":"integer"}]},"type":"array","title":"Location"},"msg":{"type":"string","title":"Message"},"type":{"type":"string","title":"Error Type"}},"type":"object","required":["loc","msg","type"],"title":"ValidationError"}},"securitySchemes":{"HTTPBearer":{"type":"http","scheme":"bearer"}}}}